293705,out,I,I never get any notifications from the to do list,2
1101404,when,I,"I workout , everything",1
1107661,out,It,It crashes,2
1018307,out,(missing),note updates are completely hit,0
1203647,when,(iOS 7),Facebook was updated,0
168090,then,it,it would deserve 1 star,0
754462,then,You,You have to resign in,2
443418,non,he,he called the cops,0
1142801,out,(missing),refresh the page or else,1
801685,out,Instagram,Instagram will not work,2
685971,non,I,I hate it,0
171401,whenever,I,I open it,1
561152,then,I,Niantic randomly lost my account I started a new account which then randomly got logged out,2
695768,non,I,I would be able to play that certain song,0
590025,non,The bar code scanning,The bar code scanning does not work at all on the new version,2
681821,when,time,time is of the essence,0
115654,when,(missing),a level is selected the game crashes,2
971194,non,I,Ever since I updated this app,1
572687,whenever,I,I end a run it completely crashes,2
860100,when,I,I enlarged from the iPhone size,1
434320,non,I,I 'm on an IPod touch 5th gen,0
1088783,non,I,I get so irritated sometimes I just wanna throw my iPod out the window,0
65550,non,I,"However , the more I used it , the more unstable",0
276109,out,(you),slam your face into a glass wall,0
516594,non,This company,This company is just now realizing that they need to communicate,0
67741,non,(missing),Please fix it,0
790990,when,i,i try to log in,1
179654,when,I,I open the app,1
395636,non,it,because it 's not fun to have to go through so much trouble,0
987056,out,it,"in app , it can literally take half a minute",2
1291959,out,(you),to save yourself,-1
913977,out,It,It 's,-1
178317,non,(It),wo n't go any farther,2
102920,whenever,I,I use the app I feel,0
963599,non,I,I 'm deeply disappointed with this service,0
848904,before,I,"I even click on "" go",1
317581,when,i,i go back to the messages page,1
329233,non,I,I tried restarting my phone,1
969865,then,(I),do nt care to know them,0
245792,non,I,"because I am so pleased , and just busy",0
649338,non,They,They said it was a free game,0
1268320,out,I,I am still getting messages on my phone,0
1300534,out,I,I logged out of my snapchat,1
700885,non,I,I wish I could give it less than 1 star,0
51278,out,they,they said to delete the app,0
841504,non,a FedEx jst,a FedEx jst screams across my iPad,0
276684,out,it,"that it , come one fb",0
257946,then,the time it is scheduled to remind me,"again today , the time it is scheduled to remind me came",0
932777,non,I,I deleted my facebook,1
284382,when,it,it works,-1
1207519,when,it,it 's working,2
1266409,non,the app,"and then within maybe 15 seconds into the webinar , the app crashed",2
822511,non,(missing),re - installing,1
1001926,out,(I),Liked it better,0
683600,out,(missing),Just wait,-1
413575,when,u,u just want to jump back into a game 3,0
411082,when,I,I go,-1
1285011,non,(missing),Please fix your game,0
920640,out,It,It keep freezing,2
1134375,out,(you),"complete 3 quests , which it only allows you to complete 1'quest every 24 hours",0
215747,out,(missing),as app is opened,1
257338,non,You,You will need an extra bird,0
948478,out,this,Although this is very inconvenient,0
1020329,out,(missing),SAYS TIME OUT,2
200551,non,I,even though I pressed,1
975766,out,it,it freezes the app forcing me to restart,2
764680,non,(missing),Uninstalling and reinstalling does n't fix it,0
543013,whenever,I,I add somebody on Facebook,1
267872,then,it,it starts back crashing everytime,2
816557,after,it,it will freeze,2
1248398,before,it,it would work,2
516750,non,I,Now I find out they do n't want to fix the footsteps,0
935402,until,it,it started crashing every five seconds,2
542969,out,I,like I used to,0
580783,when,Pinterest,Pinterest makes download the app for mobile version,0
1213225,out,App,App keeps crashing,2
231379,out,I,I actually did enjoy snapchat,0
448568,non,(missing),Please fix,-1
122526,out,(It),wo n't send messages,2
724934,out,I,I only update iOS,0
950419,out,I,I have to log in,1
158403,out,It,It also crashes,2
899695,out,it,now it closes,2
1116221,non,it,Software is n't a news story - it 's more like publishing a textbook,0
180800,out,The app,The app crashes,2
64531,before,(missing),was fine,-1
711606,out,you,because you got the tickets from expedia you must stick with their rules ( non refundable,0
633403,after,(missing),charge $ 9.99,0
648233,out,it,it keeps crashing,2
560473,non,the photos in the articles,the photos in the articles are glitching so bad,2
835377,then,I,"on the next page , I added a bunch of tabs with FORM",1
75083,non,It,It 's terrible,0
418706,when,I,I tap on a snap video my friend sends me,1
291293,out,This app,This app is great,0
676421,non,it,it 's so annoying to use this app,0
320783,then,(I),goes straight black,2
1186153,then,(missing),powering down,-1
1038086,out,(It),just freezes,2
955119,non,(missing),Ca n't comment on statuses / pics etc,2
738203,non,I,I have loved this game for a very long time,0
1103690,until,the This,the This is,0
619243,out,it,because it closes out,2
367930,non,(I),downloaded it again,1
710246,while,(it),attempting to load,2
151555,non,(missing),making videos,-1
511985,non,(missing),RIP Pokemon Go,0
1085414,before,you,you have to pay,0
687920,non,Someone,Someone please fix this,0
482397,then,(you),made it total crap,0
121185,non,(missing),stop sending message about me,0
65081,out,(missing),using Facebook,-1
375027,non,you,now you will have to spend around $ 150,2
199499,whenever,I,I try to sync my Vivosmart device,1
377547,out,(you),do n't ask again,0
814804,out,I,than I do,0
1073513,out,they,"They flake out , they will most likely just disappear",2
940949,out,(stuff),clicking something,1
799936,non,(missing),unless reinstalled sincerely,1
1037704,when,I,I first got my phone 18 months ago,0
1157835,when,I,I 'm playing,1
157489,non,Snapchat,Snapchat is about sending pictures to your friends not looking at news and magazines,2
497201,out,It,It kicked me out,2
1212580,non,Facebook,"Since update on November 8 , 2013 Facebook will not open",2
1241372,non,the lowest u can rank,the lowest u can rank is one,0
389999,out,(I),never received my stars now,2
814869,non,These two problems,These two problems are obnoxious,0
698564,non,Last update,Last update does n't work,2
932093,non,I,I hate the new update please change it back,0
1244948,non,it,it deleted my app,2
1240964,out,(missing),Worked fine for a while,2
796218,then,(I),still nothing is fixed,0
1010544,non,(missing),to navigate this version,0
82594,out,advertisers,If advertisers pay PANDORA,0
1149340,when,I,I play,-1
987498,whenever,(I),view my accounts,1
627782,before,you,you play,-1
458991,non,(missing),Would play rate higher,0
45811,non,my two hour bike of 24 miles,So my two hour bike of 24 miles became a 60 mile trip,2
930162,when,(missing),it was done,0
228304,when,I,I go on a error message,2
228055,out,my app,For the past month my app has been skipping tracks in its own,2
173249,out,It,It was much better,0
528515,out,You,You screwed your entire app,0
1048934,whenever,I,I try to open the app,1
149131,non,I,I have reinstalled twice now,1
10875,non,My app,My app has been crashing,2
347818,non,(I),I am obsessed with it,0
929792,non,I,I ca n't post statuses at some points,2
992671,when,I,I comment on anything,1
1141847,non,(missing),appear it only wants money,2
405342,when,I,I get a message,1
59772,non,I,I am,-1
685826,when,I,I shuffle a playlist,1
351363,non,I,I have to delete the app,1
668628,out,price,price was reasonable,0
1253046,out,It,It needs to be tested,0
598036,non,(missing),Constantly freezes crashes,2
1052709,until,I,I updated it today,1
288328,then,information,information is can sometimes be irrelevant,0
909090,non,(missing),Tried to reinstall,1
1217594,whenever,you,you go,-1
822124,out,(missing),Fix it,-1
508795,non,I,I could catch a few Pokemon while at home,0
330040,non,I,I 've uninstalled only to reinstall,1
673247,then,you,"you 're taking the risk of getting the "" no rides available in your area "" alert or "" unfortunately Uber is currently not available in your area",2
76350,non,Facebook,Facebook is one of those apps,0
713506,non,I,so I can input,0
648159,out,(missing),To sum it up,1
1004700,non,It,It 's very poor form,0
1006585,out,Drops,Drops calls,-1
832698,non,This,This is horrible,0
381121,after,my snapchat,my snapchat will crash,2
834991,non,it,if it is working at some time,2
1294011,non,App,App wo n't reload my card,2
1132094,then,you,later you might find a seat selected was removed,2
306753,non,(missing),Would sometimes lead to it crashing,2
588872,out,it,it says it ca n't recognize my info,2
782028,out,you,If you want something with real news,0
483248,out,Niantic,Niantic furthered it 's traffic,0
891185,then,(I),reinstall it,1
1022489,non,i,cause i had to,0
161252,after,I,I updated to the latest version,1
1130810,non,I,I 'm starting to get tired of this game,0
1115979,when,I,I am writing a status update,1
58612,before,It,It worked just fine,2
1010853,non,(missing),DELETE this app,1
74156,out,the associated service,if the associated service was free,0
445762,then,(its),immediately deleted it,1
768238,out,it,because it makes me log in everytime then go to the App Store,2
1137546,whenever,I,I accept extra lives,1
96767,non,you,what you see,0
728864,out,I,once I had saved all my pics to it,1
55650,non,a messenger app,Yes having a messenger app is a great idea,0
1107995,when,I,I get notification,1
752893,whenever,I,I want to post photos,1
634072,out,I,I have 3 boys,0
790261,non,(missing),Not to mention she kept the meter on for an extra 12 miles ( estimated 24 minuets ) after dropping us off,0
666622,non,they,like they 're hurting for the almighty $,0
524086,when,I,I deny the access,1
130568,out,it,it was fantastic,0
1001227,when,(missing),wanting to read a story,1
855191,out,(missing),App used to work fine,0
267352,non,(missing),to reset it,-1
1060844,non,nothing,nothing happens,-1
101863,when,I,I have wifi connection,1
469025,non,(missing),re downloaded it,1
968494,when,it,it does,-1
56799,non,I,I ca n't even check,2
963530,out,I,I wo n't be using the app again,0
1212735,when,all the comments,all the comments agree,0
63633,non,this,"For that , and from a company like WSJ , this is absolutely unacceptable",0
964718,until,(missing),it 's fixed,0
648583,after,we,we beat the game,1
417510,then,(missing),add an optional video to watch,2
1231125,whenever,I,I click a level,1
869855,non,(missing),just using safari,1
354911,out,it,it crashes immediately,2
1298456,out,This new version,This new version is so much harder to use,0
615891,non,It,It 's not my phone cause it works everywhere else but in snapchat,2
416251,when,(The app),scrolling through stories,2
1085084,out,(missing),"Please , please drop the "" This is CNN",0
26104,non,(it),Whenever I 'm in Facebook scrolling threw it,2
395057,non,I,I proceeded,-1
792600,non,it,it 's annoying,0
518618,non,I,I would have to register again and . Not woth it,0
976911,non,we,we need to be able to sort files by date or type,1
198256,non,(missing),Please fix current update,0
282680,whenever,people,people add me,1
1022330,non,I,I tap on it,1
668943,non,this thing,this thing pops up,2
757892,when,it,it was not open,2
583731,out,(missing),MOVE ON,-1
300407,before,you,you download,-1
1154717,before,you,you do it,0
295349,non,(missing),9/6/14 - update ... just perfect now the app randomly crashes ALL THE TIME,2
831904,non,these remedies,these remedies have not solved the problem,0
171608,non,I,I love google,0
1117182,out,the app,"Since the last update , the app has crashed during one run",2
840315,out,I,I wo n't know,0
555023,then,they,"The the trick started where they offered free premium , which I never used , they came with a plan to limit it to 2 devices",0
1115422,out,(missing),move around,-1
433520,while,(I),"all beating Charizard , Pikachu , and Blastoise",0
165951,before,(I),start a snap,1
3960,out,(it),make the screen completely white,2
1234127,then,you,you have to wait an additional 10 - 20 minutes for another one,2
453430,when,you,you reopen,-1
1278288,non,(missing),I 'm getting fed up with this app,0
617734,out,You,You get three free levels,0
650652,out,they,they disappear,-1
1123490,out,I,I try,-1
369599,non,(missing),reinstalling to fix the problem,1
31975,when,I,I have to switch between apps,1
861483,whenever,I,I try to open it,1
144756,out,I,I have music files on my onedrive,1
717211,before,it,it expires,-1
928744,when,(I),switching between app features,1
631787,when,(They),there was no indication of cost,0
688058,out,it,it gives me handsome and wealthy this update is terrible,0
1203756,whenever,I,I use it,1
552272,while,"the "" call","the "" call completes",2
1025286,out,The game,The game is awesome,0
710446,out,(missing),adding a new method with the same information,1
535031,non,(missing),Come on,-1
487358,out,(missing),Yesterday I took a three mile bike ride around my town and the only to pop up was rattats and weedles,0
810435,before,(I),will probably delete,1
1227095,non,I,I bought lives,1
591481,before,it,it 's just a nuisance,0
655811,out,(missing),try again,-1
827519,non,(missing),( please please pleaseee fix this asap,0
1036210,when,(it),logging in,1
972316,non,It,"It is slow , buggy",2
563382,out,This app,This app was $ 1,0
20836,out,(This app),recording my runs and volksmarches,2
456215,out,(missing),takes it from my inventory,2
820699,when,I,I downloaded the upgrade,1
960300,out,You,You would think the developers never used the app,0
226491,out,It,It confused the bejesus out of me,0
874759,out,my keyboard screen,Now my keyboard screen pops up,2
1189046,when,(The game),I 'm logged online,1
459907,non,(missing),ca nt authenticate,2
262994,non,I,I would like to say it was my update to IOS 9,0
1277891,out,(missing),checking out the new features,1
170383,when,anyone,anyone knows his birthday is on the 22nd,0
784923,when,(The bottom ad),viewing pictures,1
709950,when,I,I click it,1
450429,out,(missing),flying with no internet connection due to convenience,1
125671,non,(No new features or the same thing),call it new,0
1226158,when,I,I get a snap,1
901987,non,(much of the same complaint as others),crashes ALL THE TIME,2
1243777,non,it,it shuts me out of Facebook completely,2
106740,out,(missing),Was may favorite app,0
131707,out,(missing),to profile,-1
616445,then,(u),tried to play,1
1183473,out,I,I delete it,1
1179409,non,(missing),Please help,-1
490156,out,(Pokemon),is now just a mere shell of what it once was,0
1142806,non,These both,These both need fixing,0
706323,when,(you),click on it,1
736281,after,you,you log on,1
840320,non,(missing),Happened repeatedly,-1
870678,non,(missing),Clicking on a photo someone 's recently posted wo n't even show up half the time,2
671698,out,it,because it would just crash,2
520839,out,users,so users will now have to purchase pokeballs,1
98051,non,This app,This app is horrendously slow,2
1111691,non,(FB),shuts down,2
507649,when,a rare Pokemon,a rare Pokemon would spawn nearby,0
477777,non,(Niantic),has issued no statement about when it will be fixed,0
908139,out,(missing),made my phone freeze,2
1255712,out,which,which is not very often,0
856945,non,I,I communicate with a lot of customers thru Facebook,1
848132,out,(missing),knowing M$,-1
83339,then,the new Notification Center widget,the new Notification Center widget loads info for a second goes,0
95657,non,FB,for FB to load all over again,0
1212817,non,(missing),It 's always been slow and sketchy,2
257818,non,Which,Which makes this app useless,0
381870,out,I,Super laggy I wo n't play this game,2
318484,after,I,"I downloaded , just an empty progress wheel that wo n't disappear",2
239093,non,this app,because this app certainly does not,0
976149,when,it,it finally does load,0
241123,non,The follow me weather,The follow me weather does not work,2
686062,after,(I),to login fresh,1
976516,when,I,I do,-1
1217421,until,it,it properly updates,2
682901,out,App,App also forced music to pause,2
285339,non,(missing),Does n't open,2
635428,out,I,once I found out you have to pay,1
1142324,out,friends,friends send you more,1
1029813,after,i,i updated,-1
980754,out,it,"If it let you upload PDFs , to your drive",0
1261817,when,(I),using it,0
893005,out,my GPS,as my GPS will stay on,1
997410,when,(The iPhone app),downloading posts,2
1171426,when,you,you try to comment,1
585705,non,you,you try to start up the music again,1
919354,out,(missing),to call back time,0
176665,out,(I),to open the app,1
431204,non,(missing),it 's crashed,2
315449,non,I,like I 'll be finding a new app to use,0
147802,while,(missing),scrolling through my news feed most of the time it sends me back to the top of the feed,2
268789,non,my phone,my phone has lost a mere 10 % over the course of 5 hours,2
288032,non,it,it is frustrating that they run silly stories for MONTHS ( varsity video game players,2
111495,until,they,they fix this,0
621929,non,some,some stated that deleting and the app fixed the problem,0
893038,out,location service,location service wo n't turn off,2
684033,then,(missing),it got taken off my app,2
955295,non,(missing),Did n't help at all,0
1256069,out,Snapchat,Snapchat keeps saying that I need to connect to iTunes,2
40486,when,you,you download it,1
1292680,out,it,Also it glitches a TON,2
509902,until,I,I loved this app more than anything,0
820389,non,(missing),"Instead of messing with minor bug fixes , GO STRAIGHT TO MAJOR BUG FIX",0
1037480,non,I,I actually dumped,0
353252,out,they,that they start sending popups,2
374866,non,it,it 's so stupid,0
1038778,non,I,I never can log in most of the time,2
1202247,when,i,i login,-1
1165682,out,it,it used to work,0
1089275,out,(It),to load my newsfeed,1
602740,non,(missing),LEAVE ME ALONE,0
806589,out,(missing),cover it in his typical spunk,0
451526,out,it,it still wo n't let me sign in,2
1038978,after,I,I dial,-1
59020,non,(missing),to say,-1
154405,until,(I),this gets fixed,0
1252580,non,It,It times out,2
683697,non,(I),lost a lot of money,1
140941,non,(missing),fix their app,0
1133800,non,(I),have tried all their tricks,1
188994,non,(missing),Been doing it about 4 days,0
196604,non,this,this is unfair,0
1296672,whenever,It,It logs me out,2
1021036,non,I,I get updates from the past hour,1
164761,whenever,you,you open an article,1
1085875,then,it,it has ever been,0
968752,non,instead a thumbnail of my friends,instead a thumbnail of my friends profile pic shows up,2
467143,out,It,It use to scroll all the way to the top of the feed,0
177094,out,(you),to get extra moves or tools to complete level,0
173724,when,Facebook,Facebook first came out,0
880111,before,u,u press chat,1
512149,out,You,You 're using 3 Pokeballs now,0
747381,before,(missing),a server migration is lost on me,2
123604,out,It,It constantly crashes,2
680008,after,I,I downloaded it,1
310621,out,(missing),just use the YouTube app,1
371024,out,I,I do n't want to have people 's snapchat story automatically put in my face,0
362406,out,the app,the app freezes,2
1149227,out,"(the "" collect "" items)",makes me ponder,0
1257188,non,I,I die,-1
754102,non,they,where they migrated the database which caused an app downtime of 2 days or so and 300 miles of my runs,0
346117,non,(I),loved it,0
181198,out,I,if I do n't touch the phone for long periods,1
244531,when,i m actually connected,"i m actually connected , also tried VPN no results",1
109026,non,(missing),taking way longer,2
131369,whenever,I,I press the snapchat app icon on the home screen,1
772536,before,(missing),Should have done a better job QC it,0
1181428,out,it,now it crashes,2
1213852,before,it,it stays open for,2
683574,when,I,I first tried this game,1
1182385,non,I,Since yesterday I could n't go on Facebook,2
371590,out,2:I,2:I died,-1
124602,non,I,As I see it,0
465226,out,snapchat,Even though snapchat is saying that it 's saving my snaps and timeline,2
600324,then,it,it is back to not working,2
251323,before,it,it broke,-1
370565,until,it,it happens,-1
44008,non,how much facebook,how much facebook takes advantage of their users,0
996742,non,I,I 'm with JOE BLOW at the lake,0
466136,then,it,but it lags a lot it closes,2
1141450,when,you,you get a candy wrapper it explodes,2
411949,while,(missing),browsing stories,-1
38220,out,(missing),to load,-1
119393,non,(missing),syncing iPhone app,1
1192170,out,(I),taking me back to the beginning,2
772055,out,This price,This price is ridiculous,0
94664,out,(missing),Stopped using it,1
1131882,out,The new update,The new update makes snapchat crash,2
49202,when,it,it was all in one,0
268016,when,i,i called the hotel,1
1191433,when,(I),takes forever,2
1111597,out,It,It is n't very fun,0
704331,out,(missing),redownload it,-1
1188959,out,it,"I admit that I use Snapchat a lot , so it 's rather infuriating",0
409658,out,(the Discover and Live sections on the story page),make it difficult,0
401491,non,(I),send messages,1
468824,out,it,it wo n't refresh my feed,2
416429,while,I,I am watching a video or broadcasting live,1
1304499,non,(missing),there is nothing there,2
1033212,non,(missing),Was really excited,0
709361,non,(it),deleting the app,1
837509,when,this problems,this problems fixed,0
1012499,non,New version,New version has many bugs and lots of crashes,2
1246930,when,I,I click on it,1
897633,non,you,If you have the old version,1
576883,out,(missing),"However , randomly popping up ads",2
849981,when,I,I have a keypad open,1
473824,while,servers,servers can not handle current amount already up,2
424251,non,The application version of Facebook,The application version of Facebook does n't contain everything the web browser has to offer,2
437813,until,I,I deleted the game,1
902811,when,I,I reopen the app,1
861185,out,(u guys),using the app,1
1088880,then,it,The app gets ' improvements ' ( adverts ) it crashes,2
1173461,out,status,for status to be public,0
271230,out,I,I checked my settings,1
251364,out,App,App is instantly crashing,2
304504,when,you,you select that option,1
965020,out,the music,the music stops playing,2
1284624,when,you,you swipe you wait,1
993265,when,it,it finished,-1
56850,non,(missing),reinstall the app,1
696513,when,I,I am trying to check the weather,1
1199798,non,(missing),reinstalled it the problem would be fixed,0
961551,out,(the app),lags a lot like,2
1161770,out,I,I think I 'll just stick to the mobile site,1
401826,non,I,I love this game,0
1227447,non,I,I beg you,0
917315,non,(missing),Really hope u guys are working,0
291942,out,they,they do n't clear,2
1140840,after,you,you skip through 6 songs,1
75943,out,(it),again watching you warning you to download,0
573706,out,it,"Now , it 's crashing on me",2
1248919,whenever,I,I try to change my profile pic,1
1118195,out,the check deposit feature,the check deposit feature RARELY works,2
369314,non,(missing),Looks like,-1
355873,out,(missing),Just updated,-1
180322,non,I,I 've tried uploading my pictures from vacation 4 times,1
856594,non,I,"However , now I want to be able to do video calls on my iPad 2 with my Skype contacts without having to use that nauseating blow - a - iPhone - app - up feature",0
888995,non,(I),"just use Safari , waaaaaay easier",0
595052,before,the radio feed,the radio feed starts,2
453401,out,It,It is absolutely DRAINING my battery,2
1179193,when,I,I think I 've replied to someone,1
910716,before,you,you update yourself out of Business,0
560204,whenever,the blue circle,the blue circle just swirls endlessly,2
309768,non,The interface,The interface was simple and clean,0
426408,when,the game,the game crashed,2
851162,out,(missing),take a walk,1
882347,non,(missing),please do not put adds,0
511730,non,She,She does n't just conquer,0
407816,then,it,it shows a ad,2
919326,then,it,it is way better dumb Facebook,0
1106622,non,(I),see three posts by the same person from yesterday,2
986920,non,(missing),re - download,0
144180,non,I,I have not been able to look at pics,2
610166,after,I,I cancelled my premium subscription,1
285364,non,(missing),Installed this,-1
993116,out,The app,The app retains your info and your account info,2
1132985,when,I,I selected the results in this app,1
348998,non,(I),while I could and hope they resolve their issues soon,0
374596,non,(missing),"1 ) Allow change to one way on "" select flight page",0
18748,then,my phone,my phone died,2
604173,out,pandora,pandora crashed,2
427118,when,it,it did one time,0
403614,non,nothing,nothing has worked,0
542917,out,(it),did not have correct mileage,2
994296,out,(missing),never said that,0
968218,when,I,I try to find my friends,1
610851,when,developers,developers fail to read,0
1131219,non,(missing),Update please,-1
1175686,non,most of all the pictures,"The comments wo nt load , my profile ca nt load , most of all the pictures ca nt load",2
308557,non,(missing),Please fix this loading bug,0
759503,whenever,you,you open it,1
971902,out,I,I wasted 2.99,0
1182251,non,(missing),Hate it,-1
1230882,then,the app apparently crashes,"then turn it back on , the app apparently crashes has to load back up from scratch annoying",2
341171,non,you,if you get more then 7 days out,1
743256,out,(missing),restart it,-1
506713,non,This glitch,This glitch lasted for weeks,2
963388,out,It,It seriously glitches,2
105771,when,(it),trying to go ' most recent,1
632844,non,(missing),There are too many running games for me to pay $ 10 for a game I 've waited months,0
942491,out,The new update,The new update makes the music stop,2
482164,non,(missing),just to play one game,0
177154,out,This,This typically happens,0
827790,out,(missing),Used to love this app,0
458063,out,(missing),Wasting hearts and time,0
518745,out,It,It was fun,0
1158021,out,it force,Now it force closes,2
175011,when,I,I tried restarting skype,1
83615,until,the app,the app updated,0
297658,out,I,I would not recommend this application to anyone,0
1100528,out,(missing),Tells you that you have messages,2
1263414,while,it,it lasted,-1
537195,non,(missing),to listen to music,1
122768,out,It,It takes a long time to load,2
1221385,until,I,I tried to install the new update,1
38325,out,I,I do n't always write reviews,0
897791,after,(missing),Ca n't even open the app,2
552107,out,I,I feel cheated,0
631932,whenever,I,I open Snapchat,1
570155,non,(missing),at least it was sent,0
895739,out,I,I uninstalled,-1
1292603,before,I,I used accuweather,1
311434,non,I,I do not want notifications,0
479988,non,This app,This app could n't tell you which direction the sun rises from,2
347656,non,(I),to watch it again,1
741318,out,(missing),plz fix this,0
810980,when,I,I press view,1
717857,non,(missing),"just listened to an ad , literally get 5 ads after",2
278103,when,I,I send email on my computer,1
127809,non,(missing),take pics,-1
622064,out,a game,for a game to come out,0
128045,out,I,I go on,0
135536,out,I,I lose a life,0
1266733,non,It,It was this app ?€?s fault,0
49107,when,(I),am waiting on important messages,1
87112,non,(missing),Toggling between fb,1
907900,non,the application,the application does n't even load,2
1068105,when,I,I signed up,1
988990,non,I,I 'm deleting it,1
722407,non,I,I 've tried uninstalling the app,1
697292,when,you,you hit reservations,1
444361,when,they,they are on Facebook or Messenger,0
438576,whenever,I,I log in through Google,1
474028,then,they,instead they entirely remove it,0
315498,non,(missing),I am whisked away to the App Store,0
1306177,then,(it),unlikes itself,-1
707449,out,(I),to charge,-1
911106,non,This,This is garbage,0
348360,non,I,if I touch the picture it will flip to portrait,2
555685,non,(the camera and stories),Swiping between my feed,1
1290059,non,(missing),there is no reason to remove editing for this application,0
11669,non,It,It just tries to open then gets stuck,2
687784,then,I,I contacted Customer Service thru the App,1
1011898,when,I,I upgraded,-1
31477,non,I,every once in a while I receive a message,2
1186493,before,it,"Now , it wo n't even open",2
651081,non,(I),Once removed,0
945693,when,I,whenever I want to upload a picture,1
1115037,non,(missing),Works fine,-1
471613,while,you,you are trying to scroll,1
620811,then,they,they make you pay for the rest of the game,0
455860,out,(missing),actually playing,-1
387866,when,u,u wanna download it,1
1031772,out,you,once you have a taste for the product,2
1106704,out,(missing),says oops that is invalid,0
125173,then,the same thing,the same thing happens,0
1186201,out,(missing),Keeps crashing,2
280236,whenever,I,I update Facebook,1
417243,when,you,you click on a post or picture,1
445427,when,(missing),catching a Pokemon,0
761177,out,New update,New update does n't show me,2
907453,until,(I),have to restart the whole phone,1
1062829,out,I,I have an iPhone 4S,1
399145,non,it,now it happens with all links,2
1178032,then,(they),removed the feature that allowed you to view your pending transactions with a * next to it,0
679627,then,(Files),sit there,0
958666,non,(missing),This apps get more and more worthless with each update .... says I have notifications work,0
548940,out,(missing),Turns played,-1
852105,then,(I),upload it to Facebook,1
401906,non,no filters,no filters pop up,2
750561,non,I,I used Chase mobile banking,0
82036,out,The app,The app crashed,2
937647,non,(missing),Checked to see if a friend 's flight was on time,1
211248,when,I,I try to send snaps,1
515901,after,(2nd one),forget it,0
69341,non,I,I have not,0
514158,non,they,Also because they let 5/6 of my pikachus run away,0
211419,out,I,"it says that it 's "" pending "" and - I can receive snapchats",2
668315,non,(missing),to continue to use,0
29491,after,I,I finally check my messages,1
997213,when,(it auto),writing messages,1
574105,then,i,soon enough i die,0
454084,non,o,So o do n't know if the game is good,0
632746,non,(missing),It 's been days,0
194302,when,(I),"booking a trip , flight , car",1
971615,out,the load for current weather,the load for current weather takes forever,2
448334,out,I,I was trying to swim in my cousins backyard,0
429033,out,I,I can only connect,0
138801,out,I,I liked it better,0
1222246,when,(missing),your establishments get robbed at gunpoint,0
535951,when,(I),try to reopen,1
884198,non,(missing),Go screw yourselves cnn,0
114659,after,(the 1 year warranty),is completely useless,0
1233444,out,(missing),Do n't release,0
436958,until,it force,it force quits,2
1040466,non,Calibration,Calibration is off,2
621465,then,level 3,level 3 came,0
78053,out,it,"Now , it crashes",2
414966,non,it,it will show the picture screen and then Itl crash,2
1041357,while,the app,the app is good on concept,0
1049443,non,It,It locks up,2
1045657,before,(missing),you are allowed to play again,1
492440,non,Niantic,Niantic blows,-1
174180,out,(missing),Do not update this app,0
340851,when,it,it opens,-1
1049190,when,I,I start,-1
1182166,out,It,It gets worse,0
720065,out,(missing),zoom way in,2
741590,while,(missing),reading a story,1
262011,non,the smaller circle,the smaller circle is annoying,0
390050,non,I,I 'm unable to use my groups link,2
323618,out,(missing),start losing money,1
78512,out,(missing),to review it,-1
534514,non,I,I love my niece,0
574659,when,(missing),designing it,-1
1160508,out,my app,my app crashes constantly,2
987690,non,the app,the app crashes on startup,2
356618,non,(It),still provides a fun way to pass the time,0
1059452,non,I,"Also , I have ALWAYS gotten notifications from my BFF",0
564805,non,(I),will be deleting,1
114459,non,(missing),Very poorly made,0
542535,out,me,for me to log in,1
602308,non,(missing),to shop small businesses,1
278245,non,Most people who choose to read,Most people who choose to read choose reading,1
468462,then,it,it logged me out,2
505531,non,we,we were n't blind,0
317704,when,it,it 's not crashing,2
54170,non,it,it acts,-1
271431,out,i,"it always crashes , please update the app , i really ca n't open the Facebook app",2
124708,when,i,i open,-1
1286600,non,(missing),Still ca n't sing up,1
618359,non,The multiplayer,The multiplayer is repetitive,0
440001,out,(it),trying to play with ur kids,1
239207,before,App,App was working fine,2
498776,after,it,it just crashes,2
535407,after,(missing),run away,-1
230091,out,it,because now it takes the stories forever,2
432665,non,you,so you waist a ton of balls,0
338165,non,(missing),FIX IT NOW,0
1210168,when,that song,that song ends,1
773882,non,others,as others have stated,0
546087,then,(missing),delete your account,2
647797,until,they,they wanted me to pay 10 dollars for the rest of the game,0
335895,non,I,I thought it was a credit card,0
85764,after,the app,the app does n't even load,2
59633,before,(I),chat there,1
428723,when,I,I get close to a Pokemon,1
443517,non,this game,this game has made more people active in 5 days,0
514580,then,the last update,the last update completely wiped my data,2
1211661,whenever,I,I launch it,1
93042,out,(missing),Please fix ASAP,0
143367,non,it,it wil stop playig Music,2
453556,when,I,I tap around the Pokemon,1
1307286,non,the stupid notification,since the stupid notification would n't go away,2
333839,non,(I),based on this terrible update,0
421670,when,I,I go to update it,1
1192426,non,(missing),sends to Facebook,2
338911,non,it,Now it shuts down,2
795705,non,I,so I have to delete it,1
1021943,non,the app,Seriously the app was working great,2
478073,when,(The game),it was first released,0
1299364,before,one,one posted 20 mins ago,1
388202,whenever,It,It lags,2
124793,when,I,I downloaded snapchat,1
316115,non,you,you unlock it,1
821227,non,it,"I look at in my favorites , it 's the same weather",0
236761,non,It,It would be great,0
1151406,non,THOSE SMH,THOSE SMH NEED TO FIX,0
509477,when,this game,this game came out,0
770394,out,I,I love the app,0
404969,non,(missing),turned it off,1
826025,out,I,as I love fox news,0
1069915,out,(missing),click on a picture the app closes automatically,2
701096,non,You,You betrayed me Arnie,0
609957,non,the app,the app wo n't even let me log in,2
1084618,then,it,it said I was not viewing,2
873750,while,it,it 's loading,2
188202,out,(missing),my phone number is blocked,2
1177810,non,it,it never loads,2
506398,until,(I),Pokevision or the nearby step system are fixed,0
576486,while,I,I try to swipe,1
890194,non,(missing),using iPhone 4 current version os,1
1040831,out,I,I travel,-1
158937,out,Snapchat,Snapchat was better,0
766452,non,(missing),fix it take away the location thing,0
302688,after,I,I used this app,1
82105,then,(I),updated my Facebook,1
531181,non,I,I put everything in,1
54049,non,(I),add photos or animation,1
224717,non,(missing),Try the New York Times,1
639909,out,(missing),the constant crashing,0
510708,non,(missing),to help them out,0
1266172,non,The old app,The old app was very good,0
1064916,non,(missing),FIX THIS,-1
273118,non,(I),deleting it,1
1051796,out,App,App closes,-1
102282,before,(missing),Worked great,-1
148510,non,(The WSJ ap),has gotten significantly worse over time,0
1052827,non,(missing),Have deleted the app,1
558026,non,(missing),hope new management comes,0
1265987,out,(missing),to reload,-1
737733,non,(missing),Big fail,-1
1276739,non,even the username & password,even the username & password are correct,1
54974,non,I,lately I feel that they are headed down the wrong path,0
829521,out,it,it 's blank,2
1173625,when,i,i click ANY button,1
1304703,non,it,it goes back to game 1,2
280210,out,I,I 'll hit the play button,1
1121843,non,They,They better be glad so many people are too addicted to FB,0
87625,non,it,here it comes again,0
811370,non,(fb),used to be,0
610630,when,(I),"asked about tracking my location "" always",0
160996,when,(App),trying to open,1
1281782,non,I,I have tried everything,0
69101,out,(missing),Becoming a so slow application,0
21099,out,A recent addition of pop - up ads ( usually the exact same one ),A recent addition of pop - up ads ( usually the exact same one ) overtake the page,2
396085,non,(missing),not sign up,0
565400,non,They,They said that they ca n't refund me,0
682677,out,My snapchat,My snapchat is n't working,2
209675,non,I,I have had so many issues with this most recent update,0
911235,out,I,as I hit it,1
651372,out,Snapchat,Snapchat was,-1
405959,out,it,it freezes very annoying,2
575416,then,(I),go back,1
1040260,non,I,"In reading a lot of the other reviews , obviously I 'm not alone",0
226530,out,The app,The app paused during the update,2
620297,out,(missing),I was so exited,0
798458,out,it,it keeps shutting down and does it,2
384867,non,I,if I 'm trying to ignore the person then it all of a sudden loads it,2
1029030,whenever,I,I get a notification from Facebook,1
1100565,non,I,I 'd like to pick up from where I left off after switching to a different app,1
861973,non,it,it did n't work,0
481675,non,I,"well , I never used locator apps",0
106932,when,u,u change it back,1
1104614,non,it,"In the off chance that it works , it takes FOREVER to load them",2
431162,when,I,I downloaded,-1
1272340,out,EVERYTHING,EVERYTHING REFRESHES,-1
766668,non,I,"as I felt this service was not only unacceptable , but dangerous",0
996395,non,I,I could n't get in,2
548400,out,It,It keeps force closing it takes me back to my home screen,2
1296456,before,I,I could read it,1
1283332,until,This app,This app worked great,2
349596,when,I,I refresh,-1
306757,then,CNN,CNN sold Zite to Flipboard,0
1306763,non,(missing),Thank you,-1
165581,non,(missing),Log back in,0
1006615,out,(you),to view it,1
645055,out,(the staff),takes days to reply,0
673211,out,(missing),starts me over,2
195933,out,(missing),ultimately succeeding,-1
412476,non,(you),now every picture in the timeline is cut in half,2
1042016,while,(I),connected to wifi,1
953285,non,(missing),Plz change that,0
364644,then,Fix ASAP!!!!!!it,Fix ASAP!!!!!!it only lets me be on it for a minute takes me out,2
47210,when,I,I first downloaded this app,1
212710,whenever,(I),scroll down,1
607029,non,(they),Remove Offers From Account Activity,0
1031452,non,something changes soon ill,unless something changes soon ill be avoiding this app,0
1063929,then,It,It starts a timer,2
514647,before,I,I knew it,0
487193,non,That,That 's ridiculous,0
1095435,when,ur,ur trying to check ur news feed,1
936107,when,I,I tap it,1
197744,before,I,even though I have already logged into Uber,1
841700,before,I,I 've never had a problem with this app,0
11182,then,it,it demanded that I provide a login through my cable provider Verizon fios,2
1134525,when,(missing),uploading photos,-1
567290,when,they,they 're on Skype,1
1008832,non,they,once they fix the bugs,0
1288436,out,I,if I get frustrated,0
235095,out,(missing),So know I ca n't simply use SNAPCHAT,0
1105376,out,it,it closes out without any error messages,2
1164803,non,(missing),STOP IT,-1
1117272,then,the app force,the app force closes several times a day,2
646378,out,(missing),Do nt advertise it as free,0
955064,out,(missing),Will remain as one star,0
1233992,non,(missing),"Get it together , facebook",0
707075,out,(missing),would crash,2
519494,non,(missing),to beat,-1
41605,non,I,I DONT WANT MESSENGER,0
983603,non,(missing),Do n't waste your time,0
393488,non,I,if I keep scrolling,1
39901,non,it,it will never be the same,0
1175391,out,(missing),receives new messages,1
1220600,non,(missing),reinstall numerous times,1
692869,after,I,However I read about their shady company ethics,0
12387,then,(I),to erase my iPhone,1
86315,when,it,it was version 5.1.3 as,0
611044,before,I,I even start playing,1
943830,then,(missing),skip this waste of space and time,0
337079,non,the information it provides,"However , the information it provides is lacking in usefulness",2
447729,out,(missing),having to sign in,1
502821,then,(we),give you more,0
982390,non,I,I do n't like how they put it together,0
1084592,non,it,With every new update it gets worser,0
507755,out,(missing),Loved the game,0
1157252,non,I,I 've uninstalled,1
727465,out,(missing),Never accepts my passwords,2
542067,out,(missing),"my plan , along with all of my tracked progress , had been erased",2
1216237,out,I,I tried to update,1
1041946,when,(missing),completing the levels,1
1201242,non,(missing),"Please , please change this",0
110069,non,Thought update,Thought update would help fix my playlist problem,0
821556,after,(App),freezes on ios4 update,2
158699,non,(missing),to top it all off the best friend thing is a letdown,0
1284054,while,it,it was steadily raining a high chance of rain that never occurred,0
732649,when,I,I logged in,1
1124759,non,It,It really is annoying,0
895631,non,I,I 'm giving it one star,0
561301,non,(missing),only shows up occasionally,2
697930,out,(missing),"Be a leader , Pandora",0
1274491,when,(it),returns to newsstand,2
498301,out,Niantic,"Instead , Niantic just continues to release updates that remove functionality",0
632850,out,(they),to have access to the rest of the game,0
1071821,when,(This app),launching on iPad 3,0
718200,then,you,you reopen the app,1
755051,when,(I),watching a video,1
1253775,when,someone,someone is calling u u,1
1274484,out,all I get,all I get is the spinning wheel,2
1146041,non,the problem,the problem persists,2
665325,when,I,I saw that I had texted him at 3 in the morning when I was asleep,0
725965,non,it,it is good,0
1232959,non,I,I type my info,1
708608,non,(I),enjoyed the live feed,0
875795,after,(I),hours they were sent,1
721657,out,Secure message center,Secure message center does n't display message,2
404327,out,I,I can play just fine,0
525869,when,it,it posts,-1
176857,non,(missing),Tried uninstall - reinstall,1
512556,while,I,I ride my bike around the park by my house,1
1295531,non,I,as I already saved my frequent visits to various cities,1
317537,non,(missing),Wo n't sync to my Fitbit HR due to the Fitbit server being down,2
850035,out,(missing),notifications are delayed,2
651306,after,we,we do actually catch the Pokemon,0
421241,non,it,it 's so frustrating,0
407234,non,It,It is very laggy as well,2
1307691,then,(missing),just disappears,-1
13944,out,they,they are not in any order,2
93499,non,(you all),read any of the reviews,0
1097862,non,(you),to answer a text,1
894646,out,you,How many reviews do you need,0
380022,whenever,I,I close the app and re - open it,1
187352,non,(missing),Made the lag worse,2
349401,while,I,I watch your content,1
253586,until,you,you screwed it up,0
858315,then,they,they are n't there,0
1212036,non,Redowload,Redowload still crashes,2
125257,until,Google,Google correct this issue,0
1215830,after,the app,the app shuts down,2
893849,out,it,it made me RESTART MY IPOD,2
224953,out,I,I am not able to load videos,2
159194,non,I,I 've had pandora on my phone for years,1
843505,non,I,I give up,0
565963,non,I,I 'm probably just stressed,0
503553,until,even that,even that is a stretch,0
777528,out,your,your just gon na get bad reports,2
638149,out,it,it wants me to pay again,2
345139,non,I,"I try turning my phone off , then back on",1
1160946,out,you,unless you buy boosters,1
488905,out,(missing),made trackers,-1
1127657,until,this,this started happening,0
803177,whenever,I,I contact tech support,1
766781,non,(missing),rebooting the phone,1
862444,non,I,I was having problems connecting,2
160169,when,a friend,a friend posts something on your story,1
260512,whenever,i,i open the app it crashes immediatly,2
1147647,non,I,"Honestly , I am likely deleting this app",1
479846,out,(missing),Do not play,0
973863,before,(the UI),the data fields update,0
290273,whenever,(missing),there is an update,0
302854,non,(it),does n?€?t give me an option to go back,2
739280,when,you,you read people stories,1
356423,out,It,It will completely load,2
207761,non,I,so I deleted it,1
670524,out,it,it 's completely unneeded,0
1120358,non,(the app),wo n't load,2
1262417,out,It,It seems slower,2
994898,out,(missing),start it all over,1
980339,before,they,they upgraded it,0
444027,whenever,I,I open facebook,1
979329,whenever,I,I delete a post,1
312823,out,(missing),to hear it,-1
231598,when,I,I press the add button,1
707775,out,I,I usually listen to pandora,1
322557,non,I,I got it on my iPod,1
701198,out,them,for them to charge us more,0
951957,before,it,it was sick,0
204995,out,the update,"Sure , the update looks great",0
410463,non,90 % of the drivers,90 % of the drivers are fine,2
1119264,non,I,I ca n't get my runs to end,2
1042235,when,(missing),editing a document,1
710114,when,I,I have the Snapchat app installed,1
500803,out,This game,This game was fun,0
989340,then,they,they changed it,0
381416,out,I,I seriously loved Snapchat,0
924821,out,it,so it always shows you have unread posts / messages 2 - 3 minutes,2
1173772,before,you,you fix stuff that was n't addressed,0
737123,non,(missing),make it accessible with voiceover,2
363749,non,(missing),to disable this horrible feature,0
1116564,out,(missing),as overplayed,-1
11823,when,(I),messenger was built into the Facebook app,0
361085,non,it,"First it was just slow , then last update",0
360584,out,(missing),watch celebrities stories,1
1102918,out,(person2),to block,-1
487391,while,I,I was walking around,1
617754,when,(missing),it 's launched,2
96686,out,it,it freezes at the top of the screen for awhile,2
549135,out,(missing),Play for free,0
787630,out,CNN,CNN reports that Trump gets two scoops of ice cream,0
908493,non,it,now it wo n't let me download the app,2
82938,non,it,Ever since it updated because of iOS 8,0
447272,then,i,i question why,0
554486,non,I,I had two eggs about to hatch,1
499886,out,(missing),staying up,-1
756238,when,a driver,a driver started driving erratically,1
1278410,whenever,I,I try to call on my iPad,1
853970,when,you,you 've checked them,1
698796,when,i,i tried to create a new account,1
449894,non,This app,This app was the better weather app on my phone,0
797234,when,I,I did create a Microsoft account,1
526960,when,you,you relaunch the app,1
375035,non,they,if they took out the boosting feature,0
410283,out,that,that was good,0
892717,out,(missing),You 're forced to watch it,2
481856,out,this,because this is Bullcrap,0
607701,non,I,I 'll change my review,1
589708,non,(your buddy Pokemon),make it more likely in areas with less pokestop density and/or less players,0
834840,when,I,I download to Quicken the payee and memo fields,1
1075057,before,you,you can actually use it,1
1005138,whenever,you,"you send a message you appear "" Active Now what",1
23693,when,you,you finally do download it,1
1044277,out,it,it just force close,2
38729,non,I,Now I have to switch in between apps,2
697690,out,I,I just spent some money on coins,1
466190,then,you,once you search for any other,1
88543,non,A piece of advice,A piece of advice do n't release an update,0
832003,non,(missing),lose a customer forever,0
1011091,non,it,it took forever,2
660578,when,(it),pressing on the app,1
730844,non,i,Even if i delete all my messages in messenger,1
654415,non,(I),reinstalled the app several times,1
1261482,when,(missing),it is opened,0
274442,when,you,you refresh,-1
740977,whenever,you,you wanna view messages via safari on your phone,1
381036,non,I,I ca n't sign in today,2
413317,then,the screen,the screen will freeze,2
467933,non,it,often it just feels,0
1152095,out,it,it now has begun to pause half way through songs,2
309286,out,I,I recently fount a bug that keeps saying that I have a snap in my inbox,2
775278,out,it,it keeps closing out,2
1279029,non,I,If I could give this a negative rating,0
210557,out,App force,App force closes,2
755827,non,(missing),Please send them back to the app,0
941090,non,(missing),wo n't even let you check the weather in a city that is n't one of your allotted 10 favorites -- app is completely useless now,2
704221,before,(I),saved the boarding pass to the wallet,1
372495,non,(missing),Please fix it soon,0
46445,then,I,I just want to swipe,1
85056,out,you,If you 're texting,1
1161715,when,you,you 're typing a long message,1
1071950,after,I,I send them,1
629471,non,The game,The game looks great,0
1264934,when,(Everyone),mailing a letter,1
595448,non,it,"Additionally , when battling gyms , , it locks you out",2
798746,non,(missing),I got reported for no reason,2
47392,non,Facebook,"Facebook is taking way to many liberties with their apps , their privacy policies",0
755148,when,I,I try to enter my location manually,1
932819,when,I,I look at pictures,1
1208609,out,I,I have an iphone4,1
962121,until,they,they get this worked out,0
811042,after,it,it just hangs,2
336147,whenever,I,I take a picture,1
404147,non,(missing),to remember what topic we were even talking about,0
972237,non,(missing),reloaded it,-1
958339,non,Its,Its ruining the purpose of facebook,0
196580,then,(I),could not wait,0
413359,out,I,I read that snapchats wo n't be deleted by the company,0
404285,when,(it),tried opening Whatsapp,1
269786,out,my UN / PW,as if my UN / PW is incorrect,0
1128145,out,(missing),Using Touch 4th,1
784956,non,(missing),Fix the cancellation button,0
547957,before,(missing),Loved the app,0
107786,non,It,It will often just stop streaming all together,2
802786,non,I,if I upgraded to office 360,1
1239004,until,it,it lets you move on to the next level,2
523343,non,(missing),stop ruining a perfectly fine game,0
434963,whenever,I,I get in the settings ( mind you,1
370097,non,even that,Now even that does n't work,2
288244,non,I,I 'd definitely start telling my friends to get it again,0
325690,when,(missing),thus keeping every action of the users within their own ecosystems,0
171168,before,(missing),"see everyone 's best friends , their contacts and all together like",0
1426260,non,I,I was looking for my Facebook app,1
197374,non,it,"It wo n't fully open , it takes so long to load",2
869331,non,(missing),thus ending your game,2
605740,non,(missing),People who do n't do what they say they 're going to do in the business world get fired,0
880344,while,I,I am constantly missing things that are elegant to me,0
210737,out,you,anytime you are on a website,1
1306254,non,I,spent hundreds to get here,1
379760,when,it,it finally does,0
23025,out,I,If I could get the new app without the adds,0
664519,non,they,they manipulate information,0
876301,out,(missing),Just install new release,0
317069,when,nothing,nothing is wrong,0
363956,non,(missing),train harder during my run,0
1059725,when,the master sound level of the ipad,the master sound level of the ipad is mute,1
653956,non,I,fought gyms for hours,0
773194,whenever,I,I receive a notification my tablet will turn on so,0
1243544,out,Messenger,whether the message has been read,1
386697,out,I,now I ca n't open videos,2
124336,non,This app,This app is n't free,0
70813,when,(missing),only one is needed,1
650075,whenever,you idiots,you idiots update it,0
994002,out,(missing),Wish I 'd read the reviews,0
227579,then,that,that also does not work,2
1382062,non,this,this is really annoying,0
763356,non,I,I contacted customer service about this,1
554558,out,(Pokemon I cash),Go back to the footprints,0
726030,non,Runkeeper,Runkeeper actually does a great job at using the watch and in tandem,0
835917,non,(missing),"First , the illegitimate funds are furtively introduced into the legitimate financial system",0
909856,when,(missing),trying to enter airports,1
1080966,out,it,because it 's quicker,0
1268062,then,It,quit out,2
1170029,non,you,you usually are too impatient to continue playing,0
1166736,out,it,it is very laggy,2
298966,when,I,I reopen app in the morning,1
1295571,non,This app,This app is AWFUL,0
714109,non,it,"it says "" update temporarily unavailable",2
38504,non,(missing),thus ca n't appease everybody,0
1193685,out,I,I can not connect,2
762306,non,(missing),Tuning in on my FM radio underneath my covers,1
16849,out,It,It 's pretty fun,0
1201307,non,(missing),reinstalling numerous times,1
431423,out,it,it automatically closes,2
1385649,out,it,as though it refreshed itself,2
370741,out,all my upcoming trips,all my upcoming trips are there,0
211084,non,(missing),Ca n't even use the app,0
930533,before,I,actually used to like it,0
128062,out,I,if I even get to start a level,1
642168,when,I,I want to enter my telephone number,1
1358151,then,I,"I typed in my email , password , pressed sign up",1
813441,out,that,that 's an outright lie,0
1153508,out,(missing),"to accept cookies , which I 've tried with no success",0
62141,non,(missing),switching between apps does n't make anything faster,2
207397,out,it,it just keeps messing it up,2
1000660,when,I,I search for people,1
908011,out,(missing),wo n't load properly,2
1169039,when,I,I try to resort,1
84652,out,(missing),Blocking out settings is bogus,0
65581,out,the blue bar at the top,since the blue bar at the top is n't there anymore,0
673173,while,(missing),TRYING to scroll down,1
794266,non,you,"you get a "" mini game "" where you tap the screen",0
1062329,out,(missing),What started out as decent performing but has grown progressively worse,2
517013,non,I,I signed in using my same email,1
581059,out,(missing),Sure am glad this app told me of an air quality alert,0
194726,non,(missing),reinstalling several times,1
627754,non,You,learn how to get facts before reporting,0
751423,out,(missing),be done with it,0
559586,out,"Crashes my phone ,","Crashes my phone , continues to lag",2
288028,when,i,i m scrolling fast,1
119066,non,(missing),launched internationally,-1
1304473,when,I,I try to use the app,1
10829,whenever,I,I try setting up the app,1
516484,non,(missing),just keep a score card of the negative things,0
1119522,when,(missing),opening fining friends on iPhone,1
581078,non,It,It 's not the network Verizon LTEx ( Advanced LTE,0
287577,non,Not my internet friend,Not my internet friend having same problem,0
1384609,until,it,it changes,-1
1405081,non,I,I hope they update back to the older format soon,0
974478,until,(missing),it gets fixed,0
322053,non,(missing),not using the app,0
622452,when,(it),reaching out for customer service,1
985221,non,you guys,you guys never let me down,0
613840,when,I,wait for replies back,1
1194391,then,It,It 's seriously better music this lol,0
1058674,when,I,I 've logged in,1
595005,non,I,I 'm not sure,0
1294085,out,this,Seriously this is the worst app,0
915255,after,the app,the app locks up for good,2
1379382,then,Facebook,Facebook would n't open,2
382643,non,Facebook,Facebook is not nearly as good,0
246379,out,neither United or,"I feel , neither United or had any issues",0
488115,non,I,I own a ipod touch 5,0
47952,non,I,I have to go through an extra set of menus,1
1238552,whenever,I,I open it,1
692655,then,it,it 's still boring as hell,0
1143816,until,you guys,you guys can send out a updating fixing this lagg,0
1090404,out,(missing),find articles,-1
818054,out,I type reply back to them,so I type reply back to them also not show up notifications,0
445264,non,(missing),it 's gets very frustrating,0
523291,non,it,it lead me to like a help page,2
855763,then,it,opened the Messenger app,2
627590,non,It,It 's unfortunate,0
156565,non,the arrow,it 's purposely placed near the send button,2
374870,when,you,you want it to,0
1428466,whenever,I,I minimize it,1
420895,out,only this app,If only this app did n't drain battery,0
1198771,out,they,reporting that it had been overturned,0
1347551,non,it,it worked fine,2
342279,non,the game,the game gave me 67 points,0
214911,out,It,It also does n't save where you were,2
1076510,non,I,I uninstalled,-1
247217,non,I,I will be moving my accounts elsewhere,1
337270,non,The WSJ,The WSJ repeatedly sent me notifications of breaking news on my iPhone,2
1399828,out,I,I wish it will show what neighborhood you are in,0
274795,out,(missing),GET HELP,-1
699364,out,it,even though it is frowned apon by the community,0
60020,out,I,I liked it better,0
1384862,after,I,I downloaded the latest update,1
1309676,when,you,you try to send a Snap it usually does n't send ( on WiFi,0
832679,non,(missing),gotten bad n got so much CRUSHED on my iPhone,0
506113,out,you,you do n't get the Pokemon,0
441739,non,I,I have just updated my app,1
621417,when,they,they only had 1 or of these problems,0
118153,out,i,i used to like this app,0
847103,after,it,it had been in a gym for over 100 hours,1
1390445,non,the number in the corner of the skype app icon,the number in the corner of the skype app icon no longer shows up,2
1258657,out,it,"it seems like , it just gets worse",0
210252,then,(missing),use this one,0
1181591,non,level 80,because level 80 has n't been able to loading,2
944208,out,I,Yay I can finally delete friends,0
188200,when,I,I am using the app,1
399218,when,people,people use super speed,1
755353,out,I,If I am going to be charged,0
1315017,non,(missing),I 'm done,0
1128073,out,these features,these features are truly cumbersome,0
1018359,non,the wait at the cab stand,"at this time of night , the wait at the cab stand was less than 5 minutes",0
1311217,when,I,I try to open the app,1
783104,when,(missing),trying to print,1
386928,out,it,it will not let me write anyone,2
1123922,out,i,if i am not wrong,0
118502,out,I,I 'm going to stay away,1
1320695,out,I,I have hundreds of files on Numbers,1
172049,when,you,you witness something funny,0
678808,non,you,so you buy the characters,1
1335512,until,it,it works-,-1
1243885,out,it,because it was working,0
980662,non,I,redownload app,1
258236,then,I,I would once again be a happy customer,0
1205993,when,(missing),opening a post like pics,1
1113121,out,my husband,see posts of people that we are both friends with,0
595937,out,I,really rubs me the wrong way,0
893736,non,you,apparently you have to do this each time you access the app,0
683725,out,you,"It 's a wonderful game , you click on it",1
605675,when,opening,opening snapchat,-1
1314954,out,I,I expected this update to fix that problem,0
920620,non,I,"I try to select either passenger and , , just crashes",0
209127,non,I,I 've reinstalled the app multiple times,1
855957,after,the Westminster Bridge Terror Attack,the Westminster Bridge Terror Attack to show a group of Muslim that want peace,0
1050997,when,i,i tap on comments on my news feed,1
546168,then,you,you fix your own nearby tracking service,1
815841,non,I,I logged out,1
1433547,non,This app,This app stinks,0
1077935,out,it,it 's crashing,2
1266076,whenever,I,I attempt to add an activity,1
193876,non,(missing),Takes forever,-1
654837,non,the iPad update,the iPad update is horrible,0
1123144,whenever,I,I open the app,1
1399749,non,the app,so the app can be as good,0
269247,before,I,I can even open them,1
223304,non,The WSJ app,The WSJ app is horrendous,0
1037212,non,I,I actually use FB a lot less b / c if this app,1
848420,when,I,I put song in a playlist,1
1267313,out,(missing),to install,-1
135435,non,It,It 's more social networks out here,0
475523,when,you,you try to upload photos,1
23371,before,I,I wrote this,1
850650,then,they,they sent me a code i put the code,1
677462,non,You,You have to pay,0
225171,non,(missing),So annoying please fix it,0
587229,whenever,I,if I try to open the app settings,1
1291650,non,It,It crashed a LOT,2
833387,when,you,"you launch your most iconic trade mark character ( which is also the company 's mascot ) , onto the most popular mobile device in the world , from the second richest company in the world",0
139662,non,They,They need to remove the bing map feature,0
1035052,out,You,You will have to send every document that you have made changes to the iCloud,0
467915,non,This game,This game is amazing in theory,0
440571,whenever,I,I try,-1
852232,out,I,I went onto my computer,1
904619,before,it,it actually uploads omg,2
1053721,out,(missing),Thank you for fixing the other annoying bug,0
283945,non,my trial,Once my trial expired,1
1329212,non,(missing),Just installed the latest update on iPhone 4S with the latest iOS,1
1286863,non,I,I love that it connects to myfitnesspal,2
258770,out,I,I tried listening to it,1
384273,when,I,I got it,0
1398286,non,it,"Also , it bugs me that my gold card is no longer the default card for the account",2
1162616,out,(missing),thus using more data to reload everything,2
410793,out,the leanings of the top articles,the leanings of the top articles are generally consistent to such a degree that one can only conclude that a bias exists in the news listing process,0
1157337,out,it,it keeps going forward,2
1020051,out,(missing),as described,-1
29063,out,It,It worked perfectly fine,2
21955,before,(missing),to establish a connection,0
829868,non,I,I ca n't access Fb messenger through my phone browsers,2
762236,out,it,it 's do n't run,2
1343923,out,You,You need to exit messenger,0
490535,whenever,I,I play this game,1
1339607,after,I,I open a picture,1
21826,out,My IHG,always keeps me logged in,2
911337,non,one,as one would expect,0
1416055,non,(missing),ca n't delete ugh plez,2
413405,out,it,it crashes,2
305735,after,it,now it crashes constantly ( approximately :) 1 second,2
1094722,out,I,I am not the only one that is having this issue,0
1195651,when,i,i click on deals > summary,1
386705,non,the Uber app,Now the Uber app will not let me delete the invalid credit card,2
1331431,whenever,it,it tries to reload,2
548481,non,(missing),is that dang water eevee,0
808093,when,It,trying to view more pictures as well,1
634792,non,(missing),do n't want it there,0
1055943,out,(missing),Just updated,-1
972236,out,(missing),Stop posting updates,0
549635,non,The foot ranges,to sorta working,0
1215011,out,Everything,Everything was working perfect,0
281380,then,I,I decided to play for myself,1
338376,non,i,even when i keep trying,0
1225136,non,it,now it 's missing half of new post up opening at any time of the day,2
661103,while,(missing),using the app,0
570898,out,We,"there were only about four on the "" sightings "" list ( which literally no one asked for",0
1307477,out,it,I have the 1st iPad and it crashes,2
604899,non,(missing),Desperately needs an update to support Apple Watch with dedicated Apple Watch app,0
106463,out,(missing),Keeps on crushing,2
663392,before,I,I can get there,0
1330973,out,then automatically force,then automatically force closes,2
145926,when,I,I WANT TO,0
179839,when,it,it 's about to get off the yellow part it crashes,2
1122777,while,i,i write this review,1
189358,out,I,to continue it will skip to another song,2
1326329,non,Find &,Find & is a basic word processing function,0
1155580,non,(missing),move around,-1
1151104,when,I,I try to open it,1
1155612,out,I,"However , I found that it would n't even launch",2
882686,non,I,I get notifications on one account,2
575765,out,the reason i said calm down,"because , i get taken to the appstore",2
1343522,when,I,I click on the app,1
250801,non,(missing),Totally ruined it,0
1196556,when,I,I select Dropbox again,1
14969,non,I,I really wish I could down grade my version back to the old one,0
917828,non,I,I can not even get ino facebook now,0
873728,non,they,just because they think I want to see it,0
696662,non,(missing),than drop $ 10 on a mobile game,0
460246,non,I,I do n't know if I 'm the only one who experiences this problem,0
1141851,until,(missing),this version gets fixed,0
726917,non,(missing),Use paper,-1
404236,out,it,it updated itself recently,2
231962,when,(missing),there 's not,0
685949,non,(missing),"Besides that $ 10 is ridiculously expensive for a game of this simplicity , I was tempted to try it given that it was Nintendo",0
817603,non,(missing),to find they messed with that,0
704282,non,he or,he or can choose to purchase in - game items or to do so,0
1146382,whenever,I,I die,-1
627212,when,(missing),pasting from an email,1
318576,non,I,I do n't like how I have to keep scrolling to the bottom for the hourly and map,0
1147075,non,Game,Game is slow,2
499092,out,it,7/10 times it does n't load,2
594690,until,I,I do n't get a verbal prompt with my mile split time,2
409368,when,it,it does n't lag,2
276977,non,And anyone who gets access to you computer or,turned off,0
517277,non,Pokemon,Pokemon initially help me create my first friend I ever had in the third grade,0
231851,non,I,I used to really enjoy snapchat,0
479510,non,I,I tried hard resetting my iPad,1
572569,out,it,Sometimes it will show the correct location on the map,2
119976,non,(missing),even crazier is they 've said they 're currently not planning any HealthKit integration,0
612322,non,this,this is the worst issue I 've experienced with this app so far,0
1132418,non,I,"I thought things were going great until the day of my half , I turned on my app",0
297900,non,it,it was working,2
1417870,non,the update,since the update came out,0
1384564,non,I,I have never had an app that was so buggy on my iPad,0
1408220,non,(missing),Feels more of a pain to look at your various forecast options,0
1417230,out,you,you will overshoot your target,0
879408,non,(missing),automatically whit out i want,2
1103476,when,I,I try to register a mobile card,1
1338890,out,I,I do n't enjoy relying on Safari,0
829437,non,I,I just want to rant now,0
433164,non,it,so it is impossible to use the mobile ordering feature,2
1024547,when,I,even update my status it crashes again,2
1417153,non,(users),"Check out AP and , allow more customization",0
1415633,non,The old version,The old version was wonderful,0
491563,until,you,you open the app third,1
604948,out,I,I wonder if the news media stood by,0
1339687,non,It,write on their status,0
718126,whenever,you,you touch the screen,1
537944,out,it,it had its flaws,0
101656,out,it,it only does that to me on Facebook none of my other apps,2
881970,out,It,It always occurs,0
948867,when,i,i try to check in it,1
1194051,until,(missing),worked fine for a year,0
687355,when,they,they fix it,0
464167,out,the app,"Ever since the last update , the app freezes up",2
1027102,out,(missing),fix the crashes,0
47358,when,I,I do,-1
329385,non,(missing),Fix this,-1
971137,after,I,I add my favorite friends to my main screen,1
170757,out,You,You do n't have a successful app for this long,0
616575,whenever,I,"hit "" order",1
1409951,out,I,"I do n't like the fact that , the connections always cut off , keeps saying connecting",2
438174,non,I,I even tried reinstalling,1
698555,non,l,l had a Samsung 5,1
818487,non,it,it continues to harass me to leave a review,2
1305938,out,it,now it crashes,2
187713,non,ANYTHING from 3 days ago,ANYTHING from 3 days ago is no longer relevant,0
265203,after,I,even I uninstall an reinstall,1
986091,whenever,I,I open it,1
301051,out,I,I can not see any of the comments,2
734432,non,He,ended my ride,0
1399903,until,the plane,the plane disappeared,2
984017,non,(missing),Deleting the app and will fix the issue,1
982686,non,(missing),"Now , , lasts only a few minutes",2
1403360,whenever,I,I would go on the app,1
124204,until,I,I stop getting useless notifications,2
290720,non,the fact that I ca n't see how many seconds a person has on their story,"However , the fact that I ca n't see how many seconds a person has on their story annoys me",2
1063200,non,I,I miss it,0
484034,whenever,I,I push register,1
550384,out,it,it does n't allow you to exit out of the story 's,2
435852,out,the App,"At least once every 2 weeks , the App will crash",2
866178,after,I,I discovered Spotify is aware of the issue,0
181259,non,I,I had to at least give it a 1,0
566051,out,My phone,My phone has updated other apps,0
439115,when,new content,opening the app,1
517678,out,This,This is the first time I have encountered a developer who instead of fixing functionality opted to remove it entirely,0
1039837,when,i,i click on photo for look,1
733394,when,(missing),redesigning the UI,1
1330654,out,it,"The new update is terrible , it crashes",2
113026,before,I,I can close it,0
844390,out,I,I wo n't be using this app furthermore,0
176756,after,I,Even I completely exit out of the app,1
1135763,until,we,we get an update,0
574882,then,my avatar,my avatar is running,0
368120,when,i,"i try to download this app it keeps on saying "" messenger could not be downloaded at this time",2
268146,out,(missing),works great,-1
994823,out,it,because it would n't load at all,1
588378,when,they,they had races,0
41336,non,you,If you fix it,0
1251441,non,It,It 's all way more complicated,0
1199314,non,I,not getting any back,0
191275,out,(missing),Do n't bother buying it,0
955513,until,you,you fix it,0
177943,whenever,someone,someone adds me,1
644255,non,we,we 've tried every solution on the support page,1
1007457,when,(missing),came on bottom,0
1417417,non,This new version,This new version is so glitchy,0
190526,non,I,I 'd way rather take the extra time to use the browser instead,1
1397268,non,I,I tested the same file on all three,1
1160044,out,(missing),"Also , there is an annoying problem",0
857767,non,I,I found this is normal to farm new players,0
1398831,before,the loading screen,the loading screen appears,2
710144,out,the app,once the app used to load up,0
1267432,non,I,I will close a game,1
864443,non,(missing),crying in your soup snowflake,0
27658,after,(missing),going through security,1
1126871,out,The 1 star,The 1 star is for waiting a ridiculously long time to fix a problem,2
199286,out,I,I will change the review,0
377450,out,you,you ca n't use it,0
400802,out,(missing),comes up,-1
1143729,whenever,I,I go to my messages,1
281219,until,the auto play ads,the auto play ads started,2
253524,non,(missing),Deleted the app,1
470991,when,iPhone,iPhone has their own emojis,0
1417285,until,you,you made me use different apps to edit,2
261792,then,I,automatically another snapchat will be opened,2
444577,non,I,"So instead of using mobile ordering , which is the only reason I come to Starbucks , I come inside",0
892341,non,I,Well I love weather,0
541665,non,It,It became a game of chance,0
857874,out,the cost,whatever the cost may be,0
524156,while,(missing),playing the game,1
1314107,whenever,I,I open up the app,1
614922,non,ERROR,Just says ERROR,2
59532,while,I,I did it,0
972181,out,This app,This app is terrible,0
1220193,when,I,I use most popular,1
3024,out,you,because you ca nt scroll back up,2
1200535,whenever,I,wo n't let me touch anything,2
1284318,non,I,I will just have to delete the game,1
524630,non,they,they would rather monopolize,0
335787,non,I,I can clearly see the wifi icon on my phone working,1
1050696,when,I,I try to use the new account to login,1
860937,non,I,"when I want to see what is happening now , not two weeks ago",0
1093268,out,(missing),get help to fix this problem in the app,0
1318211,when,I,I do play it,1
639579,after,I,I click on links,1
56515,non,(missing),Ok so first of all one of my notafacations stays there,2
390714,non,the lives system,"Also , the lives system is ruining the game for me",0
1223275,non,the clever developers,to offset the other,0
529335,out,i,because i ca nt depend on the app working,2
295953,when,it,it was in the drop down menu on the left,2
26257,non,All I 've been having,All I 've been having are problems,0
53088,out,nothing,as nothing happens,2
846756,when,the app,the app updated to the new set up,2
1110670,non,IT,IT JUST CRASHES,2
245603,out,spin wheel,spin wheel does n't work,2
575491,non,I,I had different amounts of Stardust on each different kind of Pokemon,0
603502,non,(missing),Please spend time investing in manpower,0
337285,non,(missing),still did n't work,2
352976,non,I,reinstall it,1
907023,until,THEY,THEY UPDATE,-1
1317657,out,I,I 'm getting emails about friend requests,2
744833,out,The bigger issue with the app,The bigger issue with the app is there 's no way to close our advertisements,2
1401147,non,you,like you are turning pages in a book,0
838920,when,you,you are done playing,1
1037636,non,the lastest update,the lastest update has made it unusable,2
840545,whenever,I,I open the app it freezes,0
945957,non,(missing),Just got a new iPod,1
805705,non,Their Help section in the app,Their Help section in the app also really needs work,0
1432823,non,It,It gets in the way sometimes,2
621267,non,(missing),Needs the ability to enter unlimited destinations,0
590693,non,I,I 've been consistent,0
41214,non,I,record them,0
133491,out,This,This is too frustrating to continue like this,0
772436,whenever,I,I use it,0
771442,non,I,I use to love thus app,0
1229111,when,My app,attempting to open over and over again for the last week or so,0
334051,non,we,we ca n't mark the workout ( see above,2
740576,non,MS OneDrive and,MS OneDrive and are superior by ease of use,0
572080,non,Niantic,if Niantic would make more of a statement about these issues other than,0
427274,non,It,It always tells me it 's my friends birthday,2
146166,non,I,Now I have to scroll,1
892868,non,that,that was too much work for a stupid app,0
902416,out,(missing),Have had a month now,0
611814,when,I,I try to use the filters it crashes,0
655650,out,(missing),to vote for liberal candidates,0
1555,then,Facebook,Facebook would be MySpace right now,0
422253,out,it,it asks me to leave a review,2
890509,non,It,It takes forever to comment or like a status,2
787959,out,Your guys,Your guys alert work for a month,0
505130,non,I,I 'm completely furious,0
1330029,out,it,now it does nothing but crash,2
860979,after,I,I switched to Fox,1
703350,non,(missing),to find what I 'm looking for,1
1369583,when,I,I add a song to my playlist it deletes or either,0
1212973,out,I,I 'm going to delete this app,1
728163,out,I,"This was my own fault , I signed up for the trial",1
1242741,then,the amount on the check,the amount on the check did not match up-- it did--,2
565287,out,(missing),Holding out on outside sites,0
547327,when,it,it first came out,0
1296154,non,You,You have to actually log out,2
535343,non,it,"Tho the latest update has corrected many of the bugs and , it completely destroyed the Pokemon catching experience",0
307079,out,crashes,is crashes,2
598778,non,I,so that I can not select it on the map,2
890904,non,(missing),Getting a new code from the PNC website is a pain,2
1415209,out,the messages,the messages stay,2
693366,non,(missing),wo n't connect sometimes,2
1235039,then,I,I ran out of lives,1
1090006,before,I,I liked it better,0
705695,out,(missing),try the free version,0
1203296,non,the whole limited lives thing,the whole limited lives thing is annoying,0
1359715,until,(missing),this is fixed,0
769059,non,the App,Now the App does n't always start up,2
200522,non,i,i could n't get new stations,2
507558,out,the bugs,the bugs effecting players everywhere,2
74807,until,I,I find where I was,1
665717,then,I,I have to open another app,1
268586,non,(missing),there are some major bugs that need to be fixed,0
609671,when,I,I upload a picture,1
583217,non,it,it 's not terrible Internet,0
173919,when,it,it was simple,0
132521,non,they,not include a HealthKit link,2
1343719,non,I,I do n't want to do that,0
626762,before,I,I can even attempt to upload data,1
453735,out,(missing),"It 's the only app on my phone that does n't give me the option to only use it , please fix this",0
1426749,when,you,"you find the hidden setting to switch to "" most recent",1
1432611,then,(missing),measure how long it takes,0
32474,when,it,it was optional,0
1049386,non,(missing),re - install the app,1
483117,non,I,I have already deleted the app,0
100145,out,I,so I can barely avoid them,0
1150243,when,I,I have full service,1
448191,when,(missing),booked the hotel,1
763277,out,I,I can no longer select Apple Maps in the app,2
740155,non,I,to run in background,0
100343,out,The game,The game was really fun initially,0
172237,non,(missing),texting it to friends,0
1175612,non,(I),thinking of leaving the bank altogether after customer service experiences,1
360409,out,it,it wo n't come up,2
1058187,non,(missing),"Just make maybe one more update to fix all the prior problems , like the one where it refuses to load any online friends",0
835719,when,I,I try to sign in on facebook again,1
677086,when,you,you only get 3 of the 24 levels,0
1129981,non,I,I realize that the USA Today is the print version of sound - bite ' journalism,0
259797,out,This app,This app has completely failed in sending,2
610467,out,(missing),making it nearly impossible to turn back on without the use of a charger,0
555970,non,Niantic,because Niantic clearly is not worried about/ capable of making the game any better,0
1166622,when,App,logged in,2
404570,then,it,went back to the home screen,2
417228,out,it,Every single time you get to a good length it lags,2
356940,out,it,has ads again,2
1039025,out,I,if I want,-1
